slug	fragrance	concentration	gender	fragrantica_url	image_path	source_url	hosted_raw_url	qc_status
benjoin-vanillee-parfum-extrait	Benjoin Vanillee Parfum Extrait	Extrait de Parfum	unisex	https://www.fragrantica.com/perfume/Kyse-Perfumes/Benjoin-Vanillee-Parfum-Extrait-53314.html				pending
bois-de-santal-et-terre	Bois de Santal et Terre		unisex	https://www.fragrantica.com/perfume/Kyse-Perfumes/Bois-de-Santal-et-Terre-43243.html				pending
bonbons-au-lait	Bonbons au Lait		unisex	https://www.fragrantica.com/perfume/Kyse-Perfumes/Bonbons-au-Lait-67006.html				pending
bonbons-a-la-vanille	Bonbons à La Vanille		unisex	https://www.fragrantica.com/perfume/Kyse-Perfumes/Bonbons-a-La-Vanille-53313.html				pending
cacao-noisette	Cacao Noisette		unisex	https://www.fragrantica.com/perfume/Kyse-Perfumes/Cacao-Noisette-64705.html				pending
cocco-alla-vaniglia	Cocco alla Vaniglia		female	https://www.fragrantica.com/perfume/Kyse-Perfumes/Cocco-alla-Vaniglia-54200.html				pending
cocco-tiare	Cocco Tiare		female	https://www.fragrantica.com/perfume/Kyse-Perfumes/Cocco-Tiare-54199.html				pending
confit-de-rose	Confit de Rose		unisex	https://www.fragrantica.com/perfume/Kyse-Perfumes/Confit-de-Rose-28983.html				pending
crema-di-lime-e-cognac	Crema di Lime e Cognac		unisex	https://www.fragrantica.com/perfume/Kyse-Perfumes/Crema-di-Lime-e-Cognac-43245.html				pending
delizia-di-marshmallow	Delizia di Marshmallow		unisex	https://www.fragrantica.com/perfume/Kyse-Perfumes/Delizia-di-Marshmallow-56189.html				pending
douceur-brulee	Douceur Brulee		unisex	https://www.fragrantica.com/perfume/Kyse-Perfumes/Douceur-Brulee-28987.html				pending
elegance-sombre	Elegance Sombre		unisex	https://www.fragrantica.com/perfume/Kyse-Perfumes/Elegance-Sombre-28985.html				pending
fichi-e-panna	Fichi e Panna		unisex	https://www.fragrantica.com/perfume/Kyse-Perfumes/Fichi-e-Panna-53312.html				pending
framboise-nue	Framboise Nue		unisex	https://www.fragrantica.com/perfume/Kyse-Perfumes/Framboise-Nue-43478.html				pending
frangipane-al-pistacchio	Frangipane al Pistacchio		unisex	https://www.fragrantica.com/perfume/Kyse-Perfumes/Frangipane-al-Pistacchio-67402.html				pending
frollino-lavanda	Frollino Lavanda		unisex	https://www.fragrantica.com/perfume/Kyse-Perfumes/Frollino-Lavanda-28982.html				pending
fumee-vanilla	Fumée Vanilla		unisex	https://www.fragrantica.com/perfume/Kyse-Perfumes/Fumee-Vanilla-53318.html				pending
gardenia-sucre	Gardenia Sucré		unisex	https://www.fragrantica.com/perfume/Kyse-Perfumes/Gardenia-Sucre-53316.html				pending
gateau-de-carnavale	Gateau de Carnavale		unisex	https://www.fragrantica.com/perfume/Kyse-Perfumes/Gateau-de-Carnavale-53315.html				pending
glace-a-la-fleur-doranger	Glace à la Fleur d'Oranger		unisex	https://www.fragrantica.com/perfume/Kyse-Perfumes/Glace-a-la-Fleur-d-Oranger-69401.html				pending
j	J		unisex	https://www.fragrantica.com/perfume/Kyse-Perfumes/J-43244.html				pending
jasmine-macarons	Jasmine Macarons		unisex	https://www.fragrantica.com/perfume/Kyse-Perfumes/Jasmine-Macarons-63846.html				pending
macarons	Macarons		unisex	https://www.fragrantica.com/perfume/Kyse-Perfumes/Macarons-67005.html				pending
mandorlo-cioccolato	Mandorlo Cioccolato		unisex	https://www.fragrantica.com/perfume/Kyse-Perfumes/Mandorlo-Cioccolato-28986.html				pending
miele	Miele		unisex	https://www.fragrantica.com/perfume/Kyse-Perfumes/Miele-60581.html				pending
oui-plus	Oui Plus		unisex	https://www.fragrantica.com/perfume/Kyse-Perfumes/Oui-Plus-31480.html				pending
praline-au-caramel	Praliné au Caramel		unisex	https://www.fragrantica.com/perfume/Kyse-Perfumes/Praline-au-Caramel-57521.html				pending
peche-au-yuzu	Pêche au Yuzu		unisex	https://www.fragrantica.com/perfume/Kyse-Perfumes/Peche-au-Yuzu-56190.html				pending
sucre-et-fleurs	Sucre et Fleurs		unisex	https://www.fragrantica.com/perfume/Kyse-Perfumes/Sucre-et-Fleurs-28989.html				pending
serenade-aux-fraises	Sérénade aux Fraises		unisex	https://www.fragrantica.com/perfume/Kyse-Perfumes/Serenade-aux-Fraises-58826.html				pending
terreno-dolce	Terreno Dolce		unisex	https://www.fragrantica.com/perfume/Kyse-Perfumes/Terreno-Dolce-43479.html				pending
vanille-de-cedre	Vanille de Cèdre		unisex	https://www.fragrantica.com/perfume/Kyse-Perfumes/Vanille-de-Cedre-53319.html				pending
vanille-debauche	Vanille Debauche		unisex	https://www.fragrantica.com/perfume/Kyse-Perfumes/Vanille-Debauche-28984.html				pending
vertigo-cuir	Vertigo Cuir		unisex	https://www.fragrantica.com/perfume/Kyse-Perfumes/Vertigo-Cuir-28988.html				pending
zucchero-filato	Zucchero Filato		unisex	https://www.fragrantica.com/perfume/Kyse-Perfumes/Zucchero-Filato-70655.html				pending
ame-sauvage	Âme Sauvage		unisex	https://www.fragrantica.com/perfume/Kyse-Perfumes/Ame-Sauvage-53317.html				pending
delizia-di-marshmallow-gran-riserva-elisir	Delizia di Marshmallow Gran Riserva Elisir		unisex	https://www.fragrantica.com/perfume/Kyse-Perfumes/Delizia-di-Marshmallow-Gran-Riserva-Elisir-139829.html				pending
