slug	fragrance	concentration	gender	list	fragrantica_url	image_path	source_url	hosted_raw_url	qc_status
a-blvd-called-sunset	A Blvd. Called Sunset		unisex		https://www.fragrantica.com/perfume/What-We-Do-Is-Secret/A-Blvd-Called-Sunset-63373.html				pending
and-the-world-is-yours	And The World Is Yours		unisex		https://www.fragrantica.com/perfume/What-We-Do-Is-Secret/And-The-World-Is-Yours-48814.html				pending
california-snow	California Snow		unisex		https://www.fragrantica.com/perfume/What-We-Do-Is-Secret/California-Snow-46590.html				pending
covert-musk	Covert Musk		unisex		https://www.fragrantica.com/perfume/What-We-Do-Is-Secret/Covert-Musk-116425.html				pending
eau-dipanema	Eau d'Ipanema		unisex		https://www.fragrantica.com/perfume/What-We-Do-Is-Secret/Eau-d-Ipanema-37786.html				pending
freckled-and-beautiful	Freckled and Beautiful		unisex		https://www.fragrantica.com/perfume/What-We-Do-Is-Secret/Freckled-and-Beautiful-62035.html				pending
je-men-fous	Je M'en Fous		unisex		https://www.fragrantica.com/perfume/What-We-Do-Is-Secret/Je-M-en-Fous-84615.html				pending
lanonyme-extrait	L'Anonyme Extrait		unisex		https://www.fragrantica.com/perfume/What-We-Do-Is-Secret/L-Anonyme-Extrait-87166.html				pending
lanonyme-ou-op-1475-a	L'Anonyme ou OP-1475-A		unisex		https://www.fragrantica.com/perfume/What-We-Do-Is-Secret/L-Anonyme-ou-OP-1475-A-11920.html				pending
made-in-heaven	Made in Heaven		unisex		https://www.fragrantica.com/perfume/What-We-Do-Is-Secret/Made-in-Heaven-27620.html				pending
messy-sexy-just-rolled-out-of-bed	Messy Sexy Just Rolled out of Bed		unisex		https://www.fragrantica.com/perfume/What-We-Do-Is-Secret/Messy-Sexy-Just-Rolled-out-of-Bed-40574.html				pending
paris-l-a	Paris*L.A.		unisex		https://www.fragrantica.com/perfume/What-We-Do-Is-Secret/Paris-L-A-27619.html				pending
sweet-dreams-2003	Sweet Dreams 2003		unisex		https://www.fragrantica.com/perfume/What-We-Do-Is-Secret/Sweet-Dreams-2003-14390.html				pending
what-we-do-in-paris-is-secret	What We Do In Paris Is Secret		unisex		https://www.fragrantica.com/perfume/What-We-Do-Is-Secret/What-We-Do-In-Paris-Is-Secret-14389.html				pending
